question_id,topic,question,gold_doc_ids,reference_answer
HYP_001,hypertension,What are the first-line antihypertensive drug classes recommended for uncomplicated hypertension?,42227201,"First-line antihypertensive agents include thiazide diuretics, calcium channel blockers, ACE inhibitors, and angiotensin receptor blockers (ARBs)."
HYP_002,hypertension,What blood pressure threshold is used to define stage 1 hypertension according to current guidelines?,42219894,Stage 1 hypertension is defined as a systolic blood pressure of 130–139 mmHg or a diastolic blood pressure of 80–89 mmHg.
HYP_003,hypertension,What is the target blood pressure for patients with hypertension and chronic kidney disease?,42227201,"For patients with hypertension and chronic kidney disease, guidelines recommend a blood pressure target of less than 130/80 mmHg."
HYP_004,hypertension,How does the renin-angiotensin-aldosterone system contribute to the pathophysiology of hypertension?,42216994,"The renin-angiotensin-aldosterone system raises blood pressure by promoting sodium retention, vasoconstriction via angiotensin II, and aldosterone-mediated fluid retention."
HYP_005,hypertension,What cardiovascular complications are associated with uncontrolled hypertension?,42212385,"Uncontrolled hypertension significantly increases the risk of myocardial infarction, stroke, heart failure, and chronic kidney disease."
HYP_006,hypertension,What is resistant hypertension and how is it defined?,42234700,"Resistant hypertension is defined as blood pressure that remains above goal despite concurrent use of three antihypertensive agents of different classes, including a diuretic, at optimal doses."
HYP_007,hypertension,What lifestyle modifications are recommended to lower blood pressure without medication?,42195238,"Recommended lifestyle modifications include weight loss, the DASH diet, sodium restriction to less than 2.4 g/day, regular aerobic exercise, and limiting alcohol consumption."
HYP_008,hypertension,What is the mechanism of action of ACE inhibitors in treating hypertension?,42124922,"ACE inhibitors block the conversion of angiotensin I to angiotensin II, reducing vasoconstriction and aldosterone secretion, thereby lowering blood pressure and reducing cardiac afterload."
HYP_009,hypertension,How does hypertension during pregnancy differ from hypertension in the general population?,42211457,"Hypertension in pregnancy includes gestational hypertension and preeclampsia, which carry risks of preterm birth, placental abruption, and maternal organ damage distinct from chronic hypertension."
HYP_010,hypertension,What is white-coat hypertension and what is its clinical significance?,42223157,"White-coat hypertension refers to elevated blood pressure readings in a clinical setting with normal readings outside, and is associated with a lower cardiovascular risk than sustained hypertension but may progress to true hypertension."
HYP_011,hypertension,What role does sodium intake play in the development and management of hypertension?,42137197,"High dietary sodium intake increases blood pressure by promoting renal sodium retention, volume expansion, and sympathetic nervous system activation; sodium restriction is a cornerstone of non-pharmacological management."
HYP_012,hypertension,How do calcium channel blockers reduce blood pressure?,42229550,"Calcium channel blockers reduce blood pressure by blocking voltage-gated calcium channels in vascular smooth muscle, causing vasodilation and decreased peripheral vascular resistance."
HYP_013,hypertension,What is the association between hypertension and left ventricular hypertrophy?,42107052,"Chronic hypertension causes left ventricular hypertrophy as the heart adapts to sustained elevated afterload, which independently increases the risk of heart failure, arrhythmia, and sudden death."
HYP_014,hypertension,What are the main differences between primary and secondary hypertension?,42193987,"Primary hypertension has no identifiable cause and accounts for 90–95% of cases, whereas secondary hypertension results from identifiable conditions such as renal artery stenosis, primary aldosteronism, or pheochromocytoma."
HYP_015,hypertension,What is masked hypertension and how is it diagnosed?,42201657,"Masked hypertension is characterised by normal in-office blood pressure but elevated readings on ambulatory or home monitoring, and is diagnosed using 24-hour ambulatory blood pressure monitoring."
HYP_016,hypertension,How does obstructive sleep apnoea contribute to hypertension?,42210759,"Obstructive sleep apnoea promotes hypertension through intermittent hypoxia, sympathetic nervous system activation, and increased release of endothelin and other vasoconstrictors during apnoeic episodes."
HYP_017,hypertension,What is the evidence for treating hypertension in elderly patients above 80 years of age?,42250116,Evidence from the HYVET trial shows that antihypertensive treatment in patients over 80 reduces the incidence of fatal and non-fatal stroke and all-cause mortality.
HYP_018,hypertension,How does diabetes mellitus affect hypertension management and treatment targets?,42124922,"Patients with both diabetes and hypertension have a higher cardiovascular risk; guidelines recommend a blood pressure target below 130/80 mmHg, with ACE inhibitors or ARBs preferred to also provide renal protection."
HYP_019,hypertension,What is the role of mineralocorticoid receptor antagonists in treating resistant hypertension?,42165095,"Mineralocorticoid receptor antagonists such as spironolactone are effective fourth-line agents for resistant hypertension, particularly in cases with elevated aldosterone, by blocking sodium retention and volume expansion."
HYP_020,hypertension,What are the renal manifestations of hypertensive nephropathy?,42167866,"Hypertensive nephropathy presents with proteinuria, progressive decline in glomerular filtration rate, and pathological changes including arteriolosclerosis and glomerulosclerosis, eventually leading to chronic kidney disease."
DIA_001,diabetes,What is the mechanism of action of metformin in type 2 diabetes management?,42234428,"Metformin primarily acts by inhibiting hepatic gluconeogenesis via activation of AMP-activated protein kinase (AMPK), reducing fasting plasma glucose without causing weight gain or hypoglycaemia."
DIA_002,diabetes,What HbA1c target is recommended for most adults with type 2 diabetes?,42234809,"For most adults with type 2 diabetes, guidelines recommend an HbA1c target of less than 7% (53 mmol/mol) to reduce microvascular complications."
DIA_003,diabetes,What are the cardiovascular benefits of SGLT2 inhibitors in type 2 diabetes?,42211460,"SGLT2 inhibitors such as empagliflozin and canagliflozin reduce the risk of major adverse cardiovascular events, heart failure hospitalisation, and renal progression in patients with type 2 diabetes and established cardiovascular disease."
DIA_004,diabetes,How do GLP-1 receptor agonists contribute to weight loss in type 2 diabetes?,42244313,"GLP-1 receptor agonists promote weight loss by reducing appetite, slowing gastric emptying, and enhancing satiety through central and peripheral mechanisms, in addition to stimulating glucose-dependent insulin secretion."
DIA_005,diabetes,What is diabetic nephropathy and what are the earliest detectable signs?,42227748,"Diabetic nephropathy is a microvascular complication of diabetes characterised by progressive kidney damage; the earliest sign is microalbuminuria (albumin excretion 30–300 mg/day), followed by declining GFR and hypertension."
DIA_006,diabetes,What lifestyle interventions are effective for preventing type 2 diabetes in high-risk individuals?,42163067,Intensive lifestyle intervention including weight loss of 5–7% body weight and at least 150 minutes per week of moderate physical activity reduces the progression from impaired glucose tolerance to type 2 diabetes by approximately 58%.
DIA_007,diabetes,What is the pathophysiology of insulin resistance in type 2 diabetes?,42227359,"Insulin resistance in type 2 diabetes involves impaired insulin receptor signalling in skeletal muscle, liver, and adipose tissue, leading to reduced glucose uptake, increased hepatic glucose output, and compensatory hyperinsulinaemia."
DIA_008,diabetes,How does diabetic retinopathy develop and what are its stages?,42225355,"Diabetic retinopathy develops through chronic hyperglycaemia-induced microvascular damage, progressing from non-proliferative stages with microaneurysms and haemorrhages to proliferative retinopathy with neovascularisation that can cause vision loss."
DIA_009,diabetes,What is the risk of hypoglycaemia with sulfonylurea therapy and how is it managed?,42196179,"Sulfonylureas carry a significant risk of hypoglycaemia because they stimulate insulin secretion independently of glucose levels; management includes dose reduction, patient education, and monitoring, particularly in elderly patients."
DIA_010,diabetes,What cardiovascular risk reduction does the UKPDS trial demonstrate for intensive glucose control?,42234428,The UKPDS trial demonstrated that intensive glucose control with metformin in overweight patients with type 2 diabetes significantly reduced myocardial infarction risk and all-cause mortality compared to conventional therapy.
DIA_011,diabetes,How do DPP-4 inhibitors lower blood glucose in type 2 diabetes?,42216339,"DPP-4 inhibitors block the enzyme dipeptidyl peptidase-4, preventing the degradation of endogenous GLP-1 and GIP, thereby enhancing glucose-dependent insulin secretion and suppressing glucagon release."
DIA_012,diabetes,What are the criteria for diagnosing type 2 diabetes according to current guidelines?,42244313,"Type 2 diabetes is diagnosed by a fasting plasma glucose ≥7.0 mmol/L, 2-hour plasma glucose ≥11.1 mmol/L on an oral glucose tolerance test, HbA1c ≥48 mmol/mol (6.5%), or a random glucose ≥11.1 mmol/L with symptoms."
DIA_013,diabetes,What is the role of bariatric surgery in the management of type 2 diabetes?,42202351,"Bariatric surgery can induce sustained remission of type 2 diabetes in obese patients, primarily through weight loss, changes in gut hormone secretion, and alterations in bile acid metabolism."
DIA_014,diabetes,How does chronic hyperglycaemia cause diabetic peripheral neuropathy?,42189767,"Chronic hyperglycaemia induces diabetic peripheral neuropathy through polyol pathway activation, advanced glycation end-product accumulation, oxidative stress, and reduced neurotrophic support, causing axonal degeneration and demyelination."
DIA_015,diabetes,What are the renal protective effects of ACE inhibitors and ARBs in diabetic nephropathy?,42213651,"ACE inhibitors and ARBs reduce intraglomerular pressure and proteinuria in diabetic nephropathy by blocking angiotensin II-mediated efferent arteriolar constriction, slowing the progression of kidney disease independently of blood pressure reduction."
DIA_016,diabetes,What are the features of diabetic ketoacidosis and how is it treated?,42222065,"Diabetic ketoacidosis presents with hyperglycaemia, metabolic acidosis, ketonaemia, nausea, vomiting, and altered consciousness; treatment includes intravenous fluid resuscitation, insulin infusion, and electrolyte correction."
DIA_017,diabetes,What is the relationship between type 2 diabetes and cardiovascular disease risk?,42246719,"Type 2 diabetes doubles the risk of major adverse cardiovascular events; the excess risk is mediated by dyslipidaemia, hypertension, endothelial dysfunction, and a prothrombotic state associated with chronic hyperglycaemia."
DIA_018,diabetes,How does the EMPA-REG OUTCOME trial change the treatment paradigm for type 2 diabetes with cardiovascular disease?,42228238,"The EMPA-REG OUTCOME trial showed that empagliflozin reduced cardiovascular mortality by 38% and heart failure hospitalisation by 35% in patients with type 2 diabetes and established cardiovascular disease, shifting guidelines to recommend SGLT2 inhibitors in this population."
DIA_019,diabetes,What foot complications are associated with type 2 diabetes and how are they prevented?,42202301,"Diabetic foot complications including ulceration, infection, and Charcot arthropathy arise from peripheral neuropathy and peripheral arterial disease; prevention involves regular foot inspection, good glycaemic control, and appropriate footwear."
DIA_020,diabetes,What is the association between type 2 diabetes and non-alcoholic fatty liver disease?,42227093,"Type 2 diabetes is strongly associated with non-alcoholic fatty liver disease due to shared mechanisms of insulin resistance, visceral adiposity, and lipotoxicity; NAFLD can progress to cirrhosis and hepatocellular carcinoma in diabetic patients."
LCA_001,lung_cancer,What are the most common histological subtypes of non-small cell lung cancer?,42240917,"The most common histological subtypes of non-small cell lung cancer are adenocarcinoma, squamous cell carcinoma, and large cell carcinoma, with adenocarcinoma being the most prevalent subtype worldwide."
LCA_002,lung_cancer,What EGFR mutations are targetable in non-small cell lung cancer and what drugs are used?,42233457,"Exon 19 deletions and exon 21 L858R point mutations in EGFR are the most common targetable mutations in NSCLC, treated with EGFR tyrosine kinase inhibitors such as erlotinib, gefitinib, afatinib, and osimertinib."
LCA_003,lung_cancer,What is the role of PD-L1 expression in predicting response to immunotherapy in lung cancer?,42234523,"PD-L1 expression assessed by tumour proportion score is used to select patients for pembrolizumab monotherapy; a TPS ≥50% predicts the greatest benefit, though response can occur at lower expression levels."
LCA_004,lung_cancer,What are the main risk factors for developing lung cancer beyond cigarette smoking?,42218725,"Non-smoking risk factors for lung cancer include radon gas exposure, occupational exposure to asbestos and carcinogens, air pollution, prior lung disease such as COPD, and family history of lung cancer."
LCA_005,lung_cancer,How does the TNM staging system classify lung cancer and what does each component represent?,42233457,"The TNM system classifies lung cancer by tumour size and invasion (T), regional lymph node involvement (N), and distant metastasis (M), with stage I–II indicating localised disease and stage III–IV indicating locally advanced or metastatic disease."
LCA_006,lung_cancer,What is the significance of ALK rearrangement in non-small cell lung cancer?,42240917,"ALK gene rearrangements, present in 3–5% of NSCLC, confer sensitivity to ALK inhibitors such as crizotinib, alectinib, and lorlatinib, which produce high response rates and are preferred over chemotherapy in ALK-positive disease."
LCA_007,lung_cancer,What are the symptoms and clinical presentation of lung cancer at the time of diagnosis?,42223462,"Lung cancer commonly presents with persistent cough, haemoptysis, dyspnoea, chest pain, and weight loss; many patients are asymptomatic at early stages, with symptoms often indicating advanced disease at diagnosis."
LCA_008,lung_cancer,What are the indications and benefits of low-dose CT screening for lung cancer?,42180801,Low-dose CT screening is recommended for high-risk individuals aged 50–80 with a significant smoking history; the NLST trial demonstrated a 20% reduction in lung cancer mortality compared with chest X-ray screening.
LCA_009,lung_cancer,How does platinum-based chemotherapy work in treating advanced lung cancer?,42199484,"Platinum-based chemotherapy agents such as cisplatin and carboplatin form DNA crosslinks that prevent replication and transcription, inducing apoptosis; they are combined with agents like pemetrexed or paclitaxel as first-line treatment for advanced NSCLC."
LCA_010,lung_cancer,What is the difference between small cell lung cancer and non-small cell lung cancer in terms of treatment approach?,42239546,"Small cell lung cancer grows rapidly and is initially chemosensitive, treated primarily with etoposide-platinum chemotherapy and radiotherapy, whereas NSCLC treatment depends on stage and molecular profile, including surgery, targeted therapy, immunotherapy, and chemotherapy."
LCA_011,lung_cancer,What molecular mechanisms underlie resistance to EGFR tyrosine kinase inhibitors in lung cancer?,42220422,"The most common mechanism of acquired resistance to first- and second-generation EGFR TKIs is the T790M secondary mutation in exon 20, which sterically hinders drug binding; osimertinib is designed to overcome this resistance mutation."
LCA_012,lung_cancer,What is the role of KRAS mutations in lung cancer and are they targetable?,42176127,"KRAS mutations, particularly G12C, are the most common oncogenic driver in NSCLC; sotorasib and adagrasib are approved KRAS G12C inhibitors that covalently bind the mutant protein in its inactive GDP-bound state."
LCA_013,lung_cancer,What paraneoplastic syndromes are associated with lung cancer?,42233990,"Paraneoplastic syndromes associated with lung cancer include hyponatraemia from SIADH in small cell lung cancer, hypercalcaemia from PTHrP secretion in squamous cell carcinoma, and Cushing syndrome from ectopic ACTH production."
LCA_014,lung_cancer,How does pembrolizumab improve survival in treatment-naive advanced NSCLC with high PD-L1 expression?,42233027,The KEYNOTE-024 trial demonstrated that pembrolizumab monotherapy significantly improved progression-free survival and overall survival compared with platinum-based chemotherapy in treatment-naive NSCLC with PD-L1 TPS ≥50%.
LCA_015,lung_cancer,What is the prognosis of stage IV non-small cell lung cancer and how has it changed with targeted therapies?,42231825,"Stage IV NSCLC historically had a median overall survival of less than 12 months with chemotherapy; targeted therapies for EGFR, ALK, and ROS1 have extended median survival to 2–3 years in molecularly selected patients."
LCA_016,lung_cancer,What is the mechanism by which smoking causes lung cancer?,42234744,"Tobacco smoke contains over 60 carcinogens that cause DNA mutations including G-to-T transversions in tumour suppressor genes such as TP53 and KRAS, leading to accumulation of genetic alterations that drive malignant transformation of bronchial epithelial cells."
LCA_017,lung_cancer,What is the role of surgery in early-stage lung cancer management?,42237053,"Surgical resection is the primary curative treatment for stage I and II NSCLC; lobectomy is the standard procedure, though sublobar resection is an option for patients with poor pulmonary reserve, with video-assisted thoracoscopic surgery preferred for eligible patients."
LCA_018,lung_cancer,How is ROS1 rearrangement tested and treated in non-small cell lung cancer?,42240917,"ROS1 rearrangements are detected by fluorescence in situ hybridisation, immunohistochemistry, or next-generation sequencing; crizotinib and entrectinib are approved ROS1 inhibitors with high response rates in ROS1-positive NSCLC."
LCA_019,lung_cancer,What is the significance of tumour mutational burden as a biomarker in lung cancer immunotherapy?,42199400,"High tumour mutational burden is associated with greater neoantigen production and enhanced immunogenicity, predicting improved response to immune checkpoint inhibitors; pembrolizumab is approved for tumours with TMB ≥10 mutations per megabase."
LCA_020,lung_cancer,What are the treatment options for malignant pleural mesothelioma?,42195098,Malignant pleural mesothelioma is treated with platinum-based chemotherapy combined with pemetrexed as the standard first-line regimen; nivolumab plus ipilimumab has shown superior survival and is now an approved first-line option.
COV_001,covid19,What are the most common clinical symptoms of COVID-19 at initial presentation?,42226984,"The most common symptoms of COVID-19 at presentation include fever, cough, fatigue, and dyspnoea; other frequent symptoms include headache, myalgia, anosmia, and ageusia, with severity ranging from mild illness to critical respiratory failure."
COV_002,covid19,What is the mechanism by which SARS-CoV-2 enters human cells?,42237469,"SARS-CoV-2 enters human cells by binding its spike protein to angiotensin-converting enzyme 2 (ACE2) receptors, with subsequent priming by the host protease TMPRSS2, allowing membrane fusion and viral entry."
COV_003,covid19,What evidence supports the use of dexamethasone in hospitalised COVID-19 patients?,42233464,"The RECOVERY trial showed that dexamethasone 6 mg daily for 10 days reduced 28-day mortality by one-third in patients requiring mechanical ventilation and by one-fifth in patients requiring supplemental oxygen, with no benefit in patients not requiring respiratory support."
COV_004,covid19,What are the risk factors for severe COVID-19 disease and ICU admission?,42246795,"Risk factors for severe COVID-19 include older age, male sex, obesity, diabetes mellitus, hypertension, cardiovascular disease, chronic lung disease, immunosuppression, and chronic kidney disease."
COV_005,covid19,How do mRNA COVID-19 vaccines generate immune protection?,42236116,"mRNA vaccines deliver lipid nanoparticle-encapsulated mRNA encoding the SARS-CoV-2 spike protein; host cells translate the mRNA, and the expressed spike protein elicits neutralising antibody and T-cell responses without containing live virus."
COV_006,covid19,What is the pathophysiology of the cytokine storm in severe COVID-19?,42199010,"Severe COVID-19 can trigger a hyperinflammatory state characterised by dysregulated release of pro-inflammatory cytokines including IL-6, IL-1β, and TNF-α, leading to systemic inflammation, endothelial injury, coagulopathy, and multi-organ failure."
COV_007,covid19,What coagulation abnormalities are observed in COVID-19 and why are they clinically important?,42250105,"COVID-19 induces a hypercoagulable state with elevated D-dimer, fibrinogen, and factor VIII, along with platelet activation, leading to venous thromboembolism, pulmonary embolism, and microvascular thrombosis contributing to organ injury."
COV_008,covid19,What is long COVID and what are its most frequently reported symptoms?,42250105,"Long COVID is defined as persistent symptoms beyond 12 weeks after acute infection not explained by alternative diagnoses; the most common symptoms are fatigue, cognitive impairment (brain fog), dyspnoea, and post-exertional malaise."
COV_009,covid19,What are the indications for remdesivir in COVID-19 treatment?,42171504,"Remdesivir, a nucleoside analogue that inhibits viral RNA-dependent RNA polymerase, is indicated for hospitalised adults requiring supplemental oxygen who are within 10 days of symptom onset, and has been shown to reduce time to recovery."
COV_010,covid19,How does the Omicron variant differ from earlier SARS-CoV-2 variants in terms of clinical severity and immune evasion?,42213671,"The Omicron variant carries extensive mutations in the spike protein that confer significant immune evasion from prior vaccination and infection-derived immunity, but is associated with lower intrinsic severity, reduced hospitalisation rates, and predominantly upper respiratory tract disease."
COV_011,covid19,What is the role of IL-6 inhibitors such as tocilizumab in COVID-19 management?,42233464,"Tocilizumab, an IL-6 receptor antagonist, combined with corticosteroids reduces mortality and the need for mechanical ventilation in severely ill COVID-19 patients with elevated inflammatory markers, by attenuating the cytokine storm."
COV_012,covid19,What pulmonary complications can arise from severe COVID-19?,42230300,"Severe COVID-19 can cause acute respiratory distress syndrome, organising pneumonia, pulmonary embolism, and secondary bacterial and fungal infections including COVID-associated pulmonary aspergillosis."
COV_013,covid19,How effective are COVID-19 vaccines at preventing severe disease and death?,42170947,"COVID-19 mRNA vaccines demonstrated over 90% efficacy against symptomatic infection from the original strain; effectiveness against severe disease, hospitalisation, and death remains high even against variants, though protection against mild infection wanes over time."
COV_014,covid19,What antiviral treatment is recommended for high-risk outpatients with COVID-19?,42228181,Nirmatrelvir-ritonavir (Paxlovid) is recommended for high-risk outpatients with mild-to-moderate COVID-19 within 5 days of symptom onset; clinical trials demonstrated an approximately 89% reduction in hospitalisation or death in unvaccinated high-risk patients.
COV_015,covid19,What are the neurological manifestations of COVID-19?,42215824,"Neurological manifestations of COVID-19 include anosmia, ageusia, headache, encephalopathy, stroke, Guillain-Barré syndrome, and in long COVID, cognitive impairment attributable to neuroinflammation and microvascular injury."
COV_016,covid19,How does prone positioning improve outcomes in COVID-19 acute respiratory distress syndrome?,42230300,"Prone positioning redistributes perfusion to better-ventilated dorsal lung regions, reduces ventral lung stress, improves ventilation-perfusion matching, and has been shown to reduce mortality in moderate-to-severe ARDS requiring mechanical ventilation."
COV_017,covid19,What is the impact of COVID-19 on patients with pre-existing cardiovascular disease?,42192629,"Patients with pre-existing cardiovascular disease have significantly higher rates of severe COVID-19, myocardial injury, arrhythmia, heart failure decompensation, and mortality, partly due to direct SARS-CoV-2 myocardial invasion via ACE2 receptors."
COV_018,covid19,How does SARS-CoV-2 cause acute kidney injury in hospitalised patients?,42249634,"SARS-CoV-2 causes acute kidney injury through direct viral infection of tubular epithelial cells via ACE2, systemic haemodynamic compromise, cytokine-mediated inflammation, microvascular thrombosis, and nephrotoxic medications used in treatment."
COV_019,covid19,What is the evidence for anticoagulation therapy in COVID-19 patients?,42250105,"Therapeutic anticoagulation reduces the risk of venous thromboembolism in hospitalised COVID-19 patients; trials suggest that therapeutic heparin improves outcomes in moderately ill hospitalised patients not in the ICU, but may increase bleeding risk in critically ill patients."
COV_020,covid19,What are the characteristics of multisystem inflammatory syndrome in children associated with COVID-19?,42226984,"Multisystem inflammatory syndrome in children presents 2–6 weeks after SARS-CoV-2 infection with fever, elevated inflammatory markers, cardiac dysfunction, rash, conjunctivitis, and gastrointestinal symptoms, resembling Kawasaki disease; treatment includes intravenous immunoglobulin and corticosteroids."
ALZ_001,alzheimers,What are the two main pathological hallmarks of Alzheimer's disease?,42214359,"The two main pathological hallmarks of Alzheimer's disease are extracellular amyloid-beta plaques formed from aggregated amyloid precursor protein cleavage products, and intraneuronal neurofibrillary tangles composed of hyperphosphorylated tau protein."
ALZ_002,alzheimers,How do cholinesterase inhibitors improve cognition in Alzheimer's disease?,42216192,"Cholinesterase inhibitors such as donepezil, rivastigmine, and galantamine inhibit acetylcholinesterase, increasing synaptic acetylcholine levels in the cerebral cortex and hippocampus, thereby partially compensating for the cholinergic deficit in Alzheimer's disease."
ALZ_003,alzheimers,What genetic risk factors are associated with late-onset Alzheimer's disease?,42228892,"The APOE ε4 allele is the strongest genetic risk factor for late-onset Alzheimer's disease, increasing risk approximately three-fold per allele; other risk genes include BIN1, CLU, CR1, and PICALM identified through genome-wide association studies."
ALZ_004,alzheimers,What is the amyloid cascade hypothesis and how does it explain Alzheimer's disease pathogenesis?,42148080,"The amyloid cascade hypothesis proposes that aberrant processing of amyloid precursor protein leads to accumulation of amyloid-beta 42, triggering a cascade of downstream events including tau hyperphosphorylation, synaptic failure, neuroinflammation, and neuronal death."
ALZ_005,alzheimers,How is Alzheimer's disease clinically distinguished from other forms of dementia?,42184025,"Alzheimer's disease is distinguished by its insidious onset, episodic memory impairment as the dominant early feature, gradual progressive course, and supportive biomarkers including CSF amyloid-beta and tau or amyloid PET imaging, in contrast to Lewy body dementia with parkinsonism and fluctuations."
ALZ_006,alzheimers,What role does neuroinflammation play in Alzheimer's disease progression?,42237024,"Neuroinflammation driven by microglial activation and astrogliosis is both a response to and accelerator of Alzheimer's disease pathology; sustained inflammatory signalling exacerbates amyloid deposition, tau propagation, and synaptic and neuronal loss."
ALZ_007,alzheimers,What are the biomarkers used to diagnose Alzheimer's disease in living patients?,42195086,"Alzheimer's disease biomarkers include CSF amyloid-beta 42 (decreased), CSF total and phosphorylated tau (increased), amyloid PET showing cortical amyloid burden, tau PET, and hippocampal atrophy on MRI."
ALZ_008,alzheimers,How does lecanemab reduce amyloid burden in early Alzheimer's disease?,42214359,Lecanemab is a humanised monoclonal antibody targeting soluble amyloid-beta protofibrils; the CLARITY AD trial showed it significantly reduced amyloid PET signal and slowed clinical decline by 27% in early Alzheimer's disease over 18 months.
ALZ_009,alzheimers,What is the role of tau propagation in the progression of Alzheimer's disease?,42228255,"Tau pathology in Alzheimer's disease spreads in a stereotyped pattern from the entorhinal cortex to the hippocampus and association cortices, following neuronal connectivity, with the extent of tau spread correlating more closely with clinical severity than amyloid burden."
ALZ_010,alzheimers,What non-pharmacological interventions have evidence for slowing cognitive decline in Alzheimer's disease?,42214359,"Physical exercise, cognitive training, and cardiovascular risk factor control have the strongest evidence for reducing dementia risk; structured cognitive stimulation programmes modestly improve cognition and quality of life in patients with mild-to-moderate Alzheimer's disease."
ALZ_011,alzheimers,What is the difference between familial and sporadic Alzheimer's disease?,42139290,"Familial Alzheimer's disease accounts for fewer than 5% of cases and is caused by autosomal dominant mutations in APP, PSEN1, or PSEN2 genes, typically with onset before age 65; sporadic Alzheimer's disease has multifactorial aetiology influenced by genetic risk factors such as APOE ε4 and environmental factors."
ALZ_012,alzheimers,How does memantine improve symptoms in moderate-to-severe Alzheimer's disease?,42224406,"Memantine, an NMDA receptor antagonist, blocks excessive glutamate-mediated excitotoxicity in Alzheimer's disease, reducing neuronal injury while preserving normal synaptic transmission; it improves cognition, function, and behaviour in moderate-to-severe stages."
ALZ_013,alzheimers,What are the neuropsychiatric symptoms of Alzheimer's disease and how are they managed?,42149841,"Neuropsychiatric symptoms including agitation, depression, apathy, psychosis, and sleep disturbances affect the majority of Alzheimer's patients; management prioritises non-pharmacological approaches, with antidepressants for depression and carefully considered low-dose antipsychotics for severe agitation or psychosis."
ALZ_014,alzheimers,What structural brain changes are observed on MRI in Alzheimer's disease?,42224636,"MRI in Alzheimer's disease typically reveals hippocampal and entorhinal cortex atrophy, generalised cortical thinning particularly in temporoparietal regions, and white matter hyperintensities reflecting cerebrovascular disease."
ALZ_015,alzheimers,What is the relationship between sleep disturbance and Alzheimer's disease risk?,42233291,"Disrupted sleep, particularly reduced slow-wave and REM sleep, impairs glymphatic clearance of amyloid-beta from the brain, and epidemiological studies link chronic sleep deprivation and sleep disorders such as obstructive sleep apnoea to increased Alzheimer's disease risk."
ALZ_016,alzheimers,How does the APOE ε4 genotype influence amyloid accumulation and disease risk?,42189237,"APOE ε4 promotes amyloid-beta aggregation and impairs its clearance via the glymphatic system and blood-brain barrier, accelerating amyloid plaque deposition by one to two decades compared with APOE ε3 carriers and significantly increasing lifetime dementia risk."
ALZ_017,alzheimers,What are the early cognitive changes that precede the dementia stage of Alzheimer's disease?,42233291,"Mild cognitive impairment due to Alzheimer's disease is characterised by subjective and objective memory complaints, particularly episodic memory loss, with preserved functional independence; it carries a conversion rate to dementia of approximately 10–15% per year."
ALZ_018,alzheimers,What is the significance of plasma amyloid and tau biomarkers in Alzheimer's disease diagnosis?,42208562,"Plasma amyloid-beta 42/40 ratio and phosphorylated tau 217 are emerging blood-based biomarkers with high diagnostic accuracy for Alzheimer's disease pathology, offering less invasive screening alternatives to CSF analysis and PET imaging."
ALZ_019,alzheimers,How does vascular pathology interact with Alzheimer's disease neuropathology?,42216192,"Cerebrovascular disease and Alzheimer's disease pathology frequently coexist; vascular risk factors promote blood-brain barrier dysfunction and impair amyloid clearance, while mixed pathology results in greater cognitive impairment than either pathology alone."
ALZ_020,alzheimers,What is the current evidence for anti-amyloid immunotherapy as a disease-modifying treatment for Alzheimer's disease?,42214359,"Anti-amyloid antibodies lecanemab and donanemab have demonstrated statistically significant slowing of clinical decline in early Alzheimer's disease in phase 3 trials, though absolute benefit is modest and treatment carries risks of amyloid-related imaging abnormalities (ARIA) including oedema and microhaemorrhages."
