condition,n,answer_rate,rouge_l_answered,answer_relevance_mean,answer_relevance_std,rouge_l_mean,rouge_l_std,faithfulness_mean,faithfulness_std,retrieval_recall_mean,retrieval_recall_std,context_words_mean,context_words_std,latency_ms_mean,latency_ms_std
fixed_128_0pct,800,0.345,0.2236,0.4575,0.357,0.1261,0.155,0.4654,0.3459,0.275,0.4468,677.3575,303.863,975.565,1855.8998
fixed_128_10pct,800,0.34,0.2273,0.4514,0.3604,0.1239,0.1539,0.4519,0.3486,0.2588,0.4382,682.4713,304.2445,976.731,1724.785
fixed_128_20pct,800,0.3562,0.2219,0.4146,0.3658,0.1144,0.1549,0.4346,0.3674,0.2862,0.4523,710.63,308.6268,992.6729,1778.773
fixed_128_40pct,800,0.3625,0.224,0.3885,0.3629,0.1074,0.1515,0.4196,0.3775,0.2638,0.4409,753.7112,319.7911,936.355,1784.8685
fixed_256_0pct,800,0.3787,0.2085,0.391,0.3598,0.1044,0.1484,0.4719,0.3745,0.2575,0.4375,1105.7562,527.4537,1217.7764,2826.2487
fixed_256_10pct,800,0.365,0.2039,0.3793,0.3602,0.1008,0.1471,0.4558,0.3784,0.255,0.4361,1120.8725,523.1108,1161.5977,2734.4819
fixed_256_20pct,800,0.4,0.2045,0.4427,0.3594,0.1164,0.1507,0.5034,0.3642,0.2575,0.4375,1170.2175,530.4176,1284.7558,2901.3118
fixed_256_40pct,800,0.3988,0.2173,0.4155,0.3615,0.1133,0.1565,0.4948,0.3729,0.2662,0.4423,1263.9588,555.2139,1411.237,3783.835
fixed_512_0pct,800,0.4062,0.1738,0.3796,0.359,0.0868,0.1154,0.4963,0.376,0.25,0.4333,1469.7812,665.193,924.9495,628.2329
fixed_512_10pct,800,0.385,0.1766,0.3662,0.3605,0.0839,0.1156,0.4838,0.378,0.2562,0.4368,1472.3788,670.296,933.423,640.3506
fixed_512_20pct,800,0.3575,0.174,0.3287,0.3568,0.0737,0.1122,0.4619,0.3831,0.2562,0.4368,1477.995,670.7884,884.2639,653.2308
fixed_512_40pct,800,0.3975,0.1771,0.3539,0.3585,0.0817,0.1165,0.4879,0.3797,0.2512,0.434,1481.7912,673.2439,891.8302,651.2465
semantic,800,0.3738,0.1807,0.3389,0.3584,0.0787,0.1133,0.4524,0.3872,0.25,0.4333,1256.0363,587.723,782.4332,563.0871
sent_nltk,800,0.3662,0.1871,0.3411,0.3594,0.0813,0.1154,0.4428,0.3872,0.2525,0.4347,1163.3725,548.1187,935.5191,616.4968
sent_scispacy,800,0.38,0.1843,0.3575,0.3619,0.0837,0.1141,0.4571,0.3862,0.2537,0.4354,1163.8525,548.4813,822.6184,554.4075
